CMS,Bono,,asda
LS,Bono,2021-09-16,AULA TOP!
LS,Bono,2021-09-16,AULA TOP!,127.0.0.1
DD,Prof,2021-09-07,fdsfos,127.0.0.1
DD,Prof,07/09/2021,fdsfos,127.0.0.1
PI,Prof de PI,19/09/2021,dsad,127.0.0.1
das,asd,07/09/2021,asd,127.0.0.1
das,asd,07/09/2021,asd,127.0.0.1
,,//,,127.0.0.1
,,//,,127.0.0.1
,,//,,127.0.0.1
,,//,,127.0.0.1
,,//,,127.0.0.1
,,//,,127.0.0.1
,,//,,127.0.0.1
,,//,,127.0.0.1
,,//,,127.0.0.1
,,//,,127.0.0.1
Não informado,Não informado,or/in/Não,Não informado,127.0.0.1
,,//,,127.0.0.1
,,//,,127.0.0.1
,,//,,127.0.0.1
Não informado,Não informado,or/in/Não,Não informado,127.0.0.1
asd,dasd,08/09/2021,,127.0.0.1
Não informado,Não informado,or/in/Não,Não informado,127.0.0.1
Não informado,Não informado,or/in/Não,Não informado,127.0.0.1
asd,dasd,08/09/2021,fsd,127.0.0.1
Não informado,Não informado,or/in/Não,Não informado,127.0.0.1
Não informado,Não informado,or/in/Não,Não informado,127.0.0.1
Não informado,Não informado,or/in/Não,Não informado,127.0.0.1
Não informado,Não informado,or/in/Não,Não informado,127.0.0.1
Não informado,Não informado,or/in/Não,Não informado,127.0.0.1
Não informado,Não informado,or/in/Não,Não informado,127.0.0.1
Não informado,Não informado,or/in/Não,Não informado,127.0.0.1
Não informado,Não informado,or/in/Não,Não informado,127.0.0.1
CMS,Bono,02/09/2021,das,127.0.0.1
CMS,Bono,02/09/2021,das,127.0.0.1
CMS,Bono,02/10/2021,,127.0.0.1
CMS,Bono,02/10/2021,,127.0.0.1
test,test,01/09/2021,test,127.0.0.1
Não informado,Não informado,or/in/Não,Não informado,127.0.0.1
Não informado,Não informado,or/in/Não,Não informado,127.0.0.1
